Date,Price,Volume,CirSupply,Velocity,Valuation
2019-10-15,0.596600000,2180551,285472558,0.007638393,0.000034809
2019-10-16,0.552300000,1752937,285463190,0.006140675,0.000020826
2019-10-17,0.561000000,1933936,285475330,0.006774441,0.000025746
2019-10-18,0.534000000,1735998,285432882,0.006081984,0.000019753
2019-10-19,0.531600000,1156206,285457265,0.004050364,0.000008721
2019-10-20,0.531100000,1105892,285456291,0.003874119,0.000007971
2019-10-21,0.499000000,2578601,285439922,0.009033779,0.000040723
2019-10-22,0.493500000,1049181,285457832,0.003675434,0.000006667
2019-10-23,0.479100000,2088506,287747858,0.007258110,0.000025239
2019-10-24,0.473400000,1439985,287765993,0.005004015,0.000011854
2019-10-25,0.501000000,1778577,287747319,0.006181037,0.000019141
2019-10-26,0.489200000,1262146,287760715,0.004386097,0.000009411
2019-10-27,0.485800000,1174796,287787569,0.004082165,0.000008095
2019-10-28,0.459500000,1036139,287751356,0.003600815,0.000005958
2019-10-29,0.474700000,1079676,287776564,0.003751784,0.000006682
2019-10-30,0.460300000,1124773,287752309,0.003908823,0.000007033
2019-10-31,0.467100000,697504,287758313,0.002423922,0.000002744
2019-11-01,0.452300000,1290623,287772335,0.004484877,0.000009098
2019-11-02,0.461500000,902867,287751866,0.003137657,0.000004543
2019-11-03,0.465500000,699313,287736339,0.002430394,0.000002750
2019-11-04,0.454500000,1291358,287779696,0.004487313,0.000009152
2019-11-05,0.460200000,1006160,287771495,0.003496386,0.000005626
2019-11-06,0.458000000,2334207,287776616,0.008111178,0.000030132
2019-11-07,0.446400000,2369543,287759091,0.008234468,0.000030269
2019-11-08,0.421300000,3522143,287795025,0.012238375,0.000063101
2019-11-09,0.411400000,3242589,287786930,0.011267324,0.000052228
2019-11-10,0.403800000,2508546,287772732,0.008717109,0.000030684
2019-11-11,0.381600000,2912151,287732592,0.010121034,0.000039089
2019-11-12,0.383100000,1599734,287781825,0.005558842,0.000011838
2019-11-13,0.377500000,4254003,287728143,0.014784799,0.000082518
2019-11-14,0.371600000,5556437,287785923,0.019307536,0.000138525
2019-11-15,0.376500000,2390042,287797766,0.008304590,0.000025966
2019-11-16,0.380300000,1453460,287740728,0.005051285,0.000009704
2019-11-17,0.377300000,3796210,287753713,0.013192566,0.000065667
2019-11-18,0.352300000,2447071,287748024,0.008504214,0.000025479
2019-11-19,0.323400000,2448571,287808466,0.008507642,0.000023408
2019-11-20,0.329500000,1546992,287767181,0.005375847,0.000009522
2019-11-21,0.296200000,3206151,287731560,0.011142856,0.000036777
2019-11-22,0.254200000,4081456,287808891,0.014181131,0.000051121
2019-11-23,0.269700000,2934372,287739359,0.010198019,0.000028049
2019-11-24,0.258500000,2914607,287799718,0.010127207,0.000026512
2019-11-25,0.240900000,2270876,287747613,0.007891902,0.000015004
2019-11-26,0.230500000,2483210,287774078,0.008629027,0.000017163
2019-11-27,0.218700000,1763763,287716772,0.006130206,0.000008219
2019-11-28,0.258000000,5511267,287807240,0.019149162,0.000094606
2019-11-29,0.286300000,3607094,287720517,0.012536798,0.000044998
2019-11-30,0.283600000,2190074,287766865,0.007610585,0.000016426
2019-12-01,0.282400000,2381735,287754653,0.008276965,0.000019347
2019-12-02,0.262800000,2733710,287766918,0.009499737,0.000023716
2019-12-03,0.259800000,2384962,287776597,0.008287545,0.000017844
2019-12-04,0.252100000,1688727,287752479,0.005868678,0.000008683
2019-12-05,0.250900000,2268454,287754938,0.007883283,0.000015592
2019-12-06,0.265400000,2230610,287750286,0.007751896,0.000015948
2019-12-07,0.270900000,1015386,287716368,0.003529121,0.000003374
2019-12-08,0.267200000,2083398,287775348,0.007239669,0.000014005
2019-12-09,0.262900000,1902339,287716748,0.006611848,0.000011493
2019-12-10,0.255200000,1363852,287720584,0.004740196,0.000005734
2019-12-11,0.262300000,1418323,287718018,0.004929558,0.000006374
2019-12-12,0.265700000,1070030,287741998,0.003718714,0.000003674
2019-12-13,0.271100000,2046352,287715223,0.007112421,0.000013714
2019-12-14,0.265700000,1433519,287737505,0.004982037,0.000006595
2019-12-15,0.265400000,933410,287817743,0.003243059,0.000002791
2019-12-16,0.247400000,1077235,287718783,0.003744056,0.000003468
2019-12-17,0.222200000,767475,287715000,0.002667484,0.000001581
2019-12-18,0.214400000,2007682,287738055,0.006977464,0.000010438
2019-12-19,0.218900000,4053120,287797469,0.014083238,0.000043416
2019-12-20,0.244000000,4644529,287757844,0.016140407,0.000063565
2019-12-21,0.258600000,4900282,287821373,0.017025429,0.000074959
2019-12-22,0.266100000,4374363,287792304,0.015199722,0.000061477
2019-12-23,0.280700000,3008333,287745312,0.010454845,0.000030682
2019-12-24,0.320800000,4545854,287757113,0.015797539,0.000080060
2019-12-25,0.343300000,4666746,287798963,0.016215299,0.000090266
2019-12-26,0.352500000,4443991,287734216,0.015444779,0.000084086
2019-12-27,0.310700000,7417303,287772790,0.025774858,0.000206411
2019-12-28,0.287100000,1314995,287785900,0.004569351,0.000005994
2019-12-29,0.310100000,1955627,287764728,0.006795924,0.000014322
2019-12-30,0.288600000,227575648,287762342,0.790845828,0.180501154
2019-12-31,0.258800000,16878311,287765158,0.058653075,0.000890319
2020-01-01,0.231000000,21374017,287789372,0.074269655,0.001274192
2020-01-02,0.211500000,18065225,287756369,0.062779582,0.000833580
2020-01-03,0.220500000,17736222,287762571,0.061634917,0.000837649
2020-01-04,0.242300000,10684036,287807540,0.037122156,0.000333903
2020-01-05,0.240100000,6013369,287718492,0.020900184,0.000104880
2020-01-06,0.225900000,16349748,287778756,0.056813602,0.000729157
2020-01-07,0.218200000,14163148,287829771,0.049206684,0.000528327
2020-01-08,0.203500000,14706821,287802344,0.051100420,0.000531390
2020-01-09,0.206800000,20613370,287728752,0.071641677,0.001061407
2020-01-10,0.204600000,20805249,287712566,0.072312619,0.001069877
2020-01-11,0.204500000,12906308,287780445,0.044847759,0.000411315
2020-01-12,0.211700000,8483543,287762811,0.029481025,0.000183995
2020-01-13,0.201200000,21815900,287736223,0.075819094,0.001156605
2020-01-14,0.195100000,24388754,287821394,0.084735725,0.001400846
2020-01-15,0.195800000,22968299,287717508,0.079829342,0.001247779
2020-01-16,0.204200000,17222586,287831582,0.059835636,0.000731098
2020-01-17,0.206200000,17949864,287717323,0.062387151,0.000802563
2020-01-18,0.203300000,15431953,287722450,0.053634858,0.000584833
2020-01-19,0.202700000,27220602,287741761,0.094600804,0.001814026
2020-01-20,0.200200000,20457488,287707507,0.071105157,0.001012200
2020-01-21,0.196300000,18749506,287693423,0.065171826,0.000833758
2020-01-22,0.192300000,16833333,287827176,0.058484169,0.000657743
2020-01-23,0.185700000,12778293,287803080,0.044399431,0.000366072
2020-01-24,0.186200000,12985779,287823776,0.045117116,0.000379020
2020-01-25,0.185400000,12165491,287817605,0.042268057,0.000331234
2020-01-26,0.186300000,12859823,287760811,0.044689278,0.000372066
2020-01-27,0.186000000,13326376,287760215,0.046310698,0.000398911
2020-01-28,0.186300000,22750284,287841455,0.079037554,0.001163804
2020-01-29,0.191400000,28941264,287716379,0.100589561,0.001936635
2020-01-30,0.189000000,21854741,287765270,0.075946415,0.001090125
2020-01-31,0.187500000,18035173,287751541,0.062676201,0.000736557
2020-02-01,0.189200000,16043340,287837326,0.055737526,0.000587782
2020-02-02,0.200400000,16757265,287735758,0.058238384,0.000679699
2020-02-03,0.204500000,16031848,287726724,0.055719011,0.000634892
2020-02-04,0.197700000,12815857,287750830,0.044538038,0.000392165
2020-02-05,0.205400000,16960531,287717366,0.058948582,0.000713752
2020-02-06,0.221000000,21476303,287728633,0.074640827,0.001231247
2020-02-07,0.228300000,15714328,287759163,0.054609304,0.000680831
2020-02-08,0.229300000,13074283,287734706,0.045438671,0.000473429
2020-02-09,0.225100000,11032137,287747654,0.038339624,0.000330881
2020-02-10,0.225200000,17838104,287770706,0.061987213,0.000865312
2020-02-11,0.339500000,28660592,287766766,0.099596602,0.003367665
2020-02-12,0.261700000,29284624,287712614,0.101784288,0.002711223
2020-02-13,0.275700000,14133591,287743845,0.049118656,0.000665165
2020-02-14,0.275900000,15512374,287716542,0.053915475,0.000802008
2020-02-15,0.257300000,16626658,287806389,0.057770287,0.000858715
2020-02-16,0.253900000,13593052,287799429,0.047230992,0.000566392
2020-02-17,0.236900000,14648919,287724943,0.050912928,0.000614075
2020-02-18,0.236100000,13216620,287784845,0.045925351,0.000497967
2020-02-19,0.218200000,13797612,287704624,0.047957562,0.000501844
2020-02-20,0.228300000,13260158,287722685,0.046086591,0.000484903
2020-02-21,0.253400000,20473540,287812699,0.071134943,0.001282250
2020-02-22,0.262800000,17481640,287802854,0.060741719,0.000969615
2020-02-23,0.262000000,18564897,287718156,0.064524593,0.001090817
2020-02-24,0.246200000,17841259,287728509,0.062007269,0.000946615
2020-02-25,0.233100000,21362874,287796075,0.074229207,0.001284375
2020-02-26,0.215000000,29825702,287750507,0.103651259,0.002309870
2020-02-27,0.225000000,36047724,287771258,0.125265201,0.003530558
2020-02-28,0.218600000,37138275,287827365,0.129029689,0.003639397
2020-02-29,0.221500000,30729973,287812659,0.106770748,0.002525098
2020-03-01,0.241000000,30386261,287816456,0.105575136,0.002686212
2020-03-02,0.245800000,34189585,287820789,0.118787754,0.003468368
2020-03-03,0.240100000,18540562,287763740,0.064429807,0.000996703
2020-03-04,0.237100000,20532944,287731067,0.071361581,0.001207426
2020-03-05,0.239000000,19463703,287745184,0.067642150,0.001093535
2020-03-06,0.237400000,15359153,287800194,0.053367418,0.000676135
2020-03-07,0.235600000,13191061,287720671,0.045846762,0.000495214
2020-03-08,0.210400000,14816378,287765385,0.051487702,0.000557767
2020-03-09,0.208800000,54592490,287809258,0.189682885,0.007512540
2020-03-10,0.206700000,14903807,287752167,0.051793902,0.000554495
2020-03-11,0.200300000,19748562,287834373,0.068610854,0.000942902
2020-03-12,0.156500000,32068722,287819099,0.111419715,0.001942846
2020-03-13,0.161800000,17044883,287681576,0.059249128,0.000567992
2020-03-14,0.148900000,11381054,287774312,0.039548542,0.000232893
2020-03-15,0.144100000,12876794,287798008,0.044742470,0.000288472
2020-03-16,0.137600000,16835828,287664578,0.058525900,0.000471319
2020-03-17,0.135300000,13929313,287828921,0.048394416,0.000316875
2020-03-18,0.125300000,22482721,287845451,0.078106920,0.000764417
2020-03-19,0.149200000,40779772,287788566,0.141700460,0.002995790
2020-03-20,0.141300000,29366950,287667098,0.102086578,0.001472582
2020-03-21,0.139600000,19256791,287773861,0.066916400,0.000625102
2020-03-22,0.131600000,21288936,287716748,0.073992690,0.000720499
2020-03-23,0.143400000,37733689,287787022,0.131116715,0.002465274
2020-03-24,0.152300000,32947492,287825095,0.114470532,0.001995663
2020-03-25,0.147400000,22464247,287829525,0.078047056,0.000897864
2020-03-26,0.148300000,25557687,287707080,0.088832319,0.001170262
2020-03-27,0.143600000,23876880,287716818,0.082987433,0.000988961
2020-03-28,0.137100000,23254333,287851430,0.080785885,0.000894764
2020-03-29,0.136100000,22357274,287665055,0.077719812,0.000822094
2020-03-30,0.139400000,57660595,287692274,0.200424553,0.005599698
2020-03-31,0.140500000,59068676,287859708,0.205199528,0.005916012
2020-04-01,0.143300000,13243015,287812408,0.046012661,0.000303390
2020-04-02,0.146800000,20806451,287818338,0.072290220,0.000767159
2020-04-03,0.147500000,14111139,287753234,0.049039028,0.000354712
2020-04-04,0.161800000,15927138,287716632,0.055357031,0.000495820
2020-04-05,0.162700000,19791887,287747898,0.068782038,0.000769729
2020-04-06,0.176600000,16937418,287776133,0.058856229,0.000611752
2020-04-07,0.172100000,17513713,287704602,0.060873941,0.000637740
2020-04-08,0.180300000,12406123,287784398,0.043109089,0.000335068
2020-04-09,0.178300000,6947723,287800897,0.024140727,0.000103909
2020-04-10,0.166600000,26600234,287800942,0.092425806,0.001423185
2020-04-11,0.168400000,17717987,287699299,0.061585089,0.000638695
2020-04-12,0.185600000,18712252,287811363,0.065015682,0.000784538
2020-04-13,0.183100000,18420393,287765669,0.064011782,0.000750254
2020-04-14,0.203000000,15938167,287819281,0.055375607,0.000622491
2020-04-15,0.201000000,7136552,287703597,0.024805224,0.000123675
2020-04-16,0.219200000,11818882,287734448,0.041075660,0.000369836
2020-04-17,0.216300000,12883028,287788188,0.044765660,0.000433457
2020-04-18,0.219200000,8828672,287759024,0.030680784,0.000206335
2020-04-19,0.230700000,11953572,287739341,0.041543057,0.000398148
2020-04-20,0.207600000,30812211,287804803,0.107059405,0.002379452
2020-04-21,0.205300000,38184871,287736659,0.132707703,0.003615607
2020-04-22,0.197000000,15648462,287733122,0.054385334,0.000582680
2020-04-23,0.196400000,12637963,287708284,0.043926310,0.000378958
2020-04-24,0.195300000,9194654,287838786,0.031943764,0.000199285
2020-04-25,0.196400000,7169033,287728931,0.024915925,0.000121926
2020-04-26,0.195500000,8507581,287815033,0.029559195,0.000170817
2020-04-27,0.198300000,51553681,287712400,0.179184773,0.006366854
2020-04-28,0.198600000,34649204,287749391,0.120414519,0.002879632
2020-04-29,0.204400000,9356844,287812891,0.032510164,0.000216033
2020-04-30,0.191300000,10429388,287816069,0.036236296,0.000251190
2020-05-01,0.192000000,10888391,287747766,0.037840053,0.000274919
2020-05-02,0.195200000,8908786,287835343,0.030950980,0.000186994
2020-05-03,0.194600000,7834568,287819609,0.027220412,0.000144189
2020-05-04,0.191900000,5914018,287713330,0.020555244,0.000081081
2020-05-05,0.189800000,8140769,287748498,0.028291266,0.000151915
2020-05-06,0.215600000,105896577,287714397,0.368061446,0.029207166
2020-05-07,0.194900000,24464166,287734962,0.085023266,0.001408923
2020-05-08,0.193900000,11112135,287763167,0.038615558,0.000289136
2020-05-09,0.191500000,10770042,287775958,0.037425092,0.000268222
2020-05-10,0.179700000,11099922,287791386,0.038569334,0.000267321
2020-05-11,0.179200000,17353225,287797115,0.060296732,0.000651517
2020-05-12,0.185500000,57512135,287718798,0.199890084,0.007411847
2020-05-13,0.189000000,40603905,287825894,0.141071063,0.003761297
2020-05-14,0.187500000,22447429,287822928,0.077990414,0.001140470
2020-05-15,0.183800000,11609978,287837791,0.040335142,0.000299029
2020-05-16,0.185500000,10492512,287695580,0.036470884,0.000246738
2020-05-17,0.191400000,12238636,287783088,0.042527295,0.000346160
2020-05-18,0.193500000,28628475,287736145,0.099495583,0.001915528
2020-05-19,0.186600000,28602883,287721136,0.099411825,0.001844114
2020-05-20,0.186500000,26714424,287829780,0.092813272,0.001606568
2020-05-21,0.179400000,27009588,287805747,0.093846589,0.001580008
2020-05-22,0.181300000,31357518,287706817,0.108991223,0.002153678
2020-05-23,0.186300000,17583768,287796334,0.061097957,0.000695451
2020-05-24,0.181400000,24333462,287748203,0.084565122,0.001297239
2020-05-25,0.190300000,21758114,287751098,0.075614354,0.001088046
2020-05-26,0.196300000,26382629,287765217,0.091681090,0.001649984
2020-05-27,0.195900000,27626391,287765758,0.096003052,0.001805529
2020-05-28,0.197300000,27360801,287795930,0.095070145,0.001783263
2020-05-29,0.198800000,35029512,287712450,0.121751812,0.002946913
2020-05-30,0.196800000,22788653,287694329,0.079211340,0.001234809
2020-05-31,0.197400000,16147842,287795851,0.056108668,0.000621451
2020-06-01,0.201600000,23129767,287744117,0.080383109,0.001302627
2020-06-02,0.199000000,24219106,287770518,0.084161177,0.001409538
2020-06-03,0.202600000,18973213,287719423,0.065943457,0.000881014
2020-06-04,0.217000000,39281834,287786820,0.136496293,0.004042979
2020-06-05,0.213600000,14170234,287719485,0.049250172,0.000518104
2020-06-06,0.211500000,39985139,287785239,0.138940898,0.004082917
2020-06-07,0.215400000,29404903,287800845,0.102171008,0.002248542
2020-06-08,0.218700000,19557659,287711029,0.067976744,0.001010577
2020-06-09,0.222700000,35086776,383709205,0.091441059,0.001862099
2020-06-10,0.227300000,29927717,383733568,0.077990875,0.001382570
2020-06-11,0.201700000,25461140,383683674,0.066359718,0.000888209
2020-06-12,0.211300000,11208888,383930502,0.029195096,0.000180102
2020-06-13,0.213300000,11060384,383865729,0.028813159,0.000177081
2020-06-14,0.212200000,14752922,383813365,0.038437749,0.000313517
2020-06-15,0.205400000,16322911,384618301,0.042439248,0.000369944
2020-06-16,0.216600000,14830854,384532073,0.038568575,0.000322200
2020-06-17,0.213300000,15591613,384540774,0.040546059,0.000350662
2020-06-18,0.211400000,15288770,384609782,0.039751381,0.000334048
2020-06-19,0.212700000,13137094,384664814,0.034152057,0.000248085
2020-06-20,0.211900000,14169755,384564153,0.036846270,0.000287686
2020-06-21,0.212100000,13263720,384507775,0.034495323,0.000252384
2020-06-22,0.209900000,15841644,384776289,0.041171050,0.000355792
2020-06-23,0.209700000,7954678,384771722,0.020673760,0.000089627
2020-06-24,0.206200000,19853254,384821542,0.051590808,0.000548824
2020-06-25,0.203600000,20096022,384733355,0.052233635,0.000555493
2020-06-26,0.203600000,22769528,384807785,0.059171174,0.000712850
2020-06-27,0.208800000,19791892,384860637,0.051426126,0.000552202
2020-06-28,0.205200000,20613158,384786725,0.053570346,0.000588879
2020-06-29,0.206500000,19902886,384776552,0.051725829,0.000552503
2020-06-30,0.209100000,16050516,384844878,0.041706457,0.000363715
2020-07-01,0.207600000,25789793,384764586,0.067027460,0.000932680
2020-07-02,0.210400000,41702942,384896996,0.108348318,0.002469961
2020-07-03,0.208400000,28371655,384822836,0.073726538,0.001132780
2020-07-04,0.205600000,27829577,385036561,0.072277751,0.001074069
2020-07-05,0.206900000,22930860,385072900,0.059549400,0.000733695
2020-07-06,0.213300000,24239916,385054613,0.062951890,0.000845295
2020-07-07,0.214600000,23579422,385078728,0.061232731,0.000804631
2020-07-08,0.209400000,27525802,385043157,0.071487577,0.001070133
2020-07-09,0.207700000,27251363,385039278,0.070775539,0.001040406
2020-07-10,0.208100000,25877751,385008280,0.067213492,0.000940124
2020-07-11,0.209000000,17510866,384965019,0.045486902,0.000432433
2020-07-12,0.214800000,24089618,384991657,0.062571793,0.000840991
2020-07-13,0.211700000,27630661,385117799,0.071745999,0.001089723
2020-07-14,0.215000000,20749893,385169298,0.053872137,0.000623975
2020-07-15,0.234900000,27916918,385172439,0.072479012,0.001233978
2020-07-16,0.233200000,25959108,385127461,0.067403939,0.001059495
2020-07-17,0.259200000,25274765,385150251,0.065623129,0.001116218
2020-07-18,0.269400000,25081095,385202717,0.065111418,0.001142120
2020-07-19,0.337600000,53708640,385162118,0.139444244,0.006564530
2020-07-20,0.338800000,57266741,385253604,0.148646868,0.007486088
2020-07-21,0.322700000,40723920,385218069,0.105716536,0.003606491
2020-07-22,0.379300000,53553781,385211347,0.139024411,0.007331030
2020-07-23,0.391300000,49739412,385264079,0.129104723,0.006522200
2020-07-24,0.377500000,32729611,385283505,0.084949421,0.002724193
2020-07-25,0.382700000,23665150,385374730,0.061408153,0.001443147
2020-07-26,0.417600000,26293702,385374318,0.068228994,0.001944010
2020-07-27,0.399200000,34267059,385367320,0.088920511,0.003156417
2020-07-28,0.375600000,19441888,385392165,0.050447024,0.000955865
2020-07-29,0.347800000,34795995,385473758,0.090268129,0.002833991
2020-07-30,0.337000000,14986593,385427231,0.038883069,0.000509508
2020-07-31,0.305000000,23419957,385362023,0.060773911,0.001126508
2020-08-01,0.281000000,21030004,385374274,0.054570336,0.000836796
2020-08-02,0.325800000,32452290,385420331,0.084199735,0.002309790
2020-08-03,0.326600000,29304467,385476136,0.076021482,0.001887508
2020-08-04,0.325700000,21982631,385290476,0.057054697,0.001060231
2020-08-05,0.340000000,28460335,385291876,0.073866949,0.001855151
2020-08-06,0.347300000,23996101,385271702,0.062283581,0.001347262
2020-08-07,0.335900000,18140238,385181512,0.047095298,0.000745015
2020-08-08,0.361800000,28019113,385198872,0.072739343,0.001914288
2020-08-09,0.436100000,35977145,385186833,0.093401804,0.003804491
2020-08-10,0.570400000,67081893,385213732,0.174142009,0.017297631
2020-08-11,0.523300000,71990569,385438571,0.186775728,0.018255411
2020-08-12,0.565600000,50178647,385453110,0.130180938,0.009585267
2020-08-13,0.527700000,65735399,385412626,0.170558499,0.015350899
2020-08-14,0.520000000,37252540,385420610,0.096654251,0.004857863
2020-08-15,0.511800000,13718533,385475371,0.035588610,0.000648220
2020-08-16,0.602700000,42010463,385450171,0.108990645,0.007159450
2020-08-17,0.564200000,24370298,385455087,0.063224740,0.002255315
2020-08-18,0.563500000,26440626,385432815,0.068599832,0.002651795
2020-08-19,0.508200000,129096462,385436332,0.334935893,0.057010919
2020-08-20,0.514700000,28215393,385499621,0.073191754,0.002757265
2020-08-21,0.433100000,46645207,385525017,0.120991387,0.006340114
2020-08-22,0.468400000,29260933,385493488,0.075905129,0.002698728
2020-08-23,0.482800000,34189853,385508484,0.088687680,0.003797466
2020-08-24,0.529300000,23588496,385549790,0.061181452,0.001981260
2020-08-25,0.464300000,32648884,385539961,0.084683529,0.003329635
2020-08-26,0.491100000,21325142,385535907,0.055312984,0.001502533
2020-08-27,0.503900000,29751351,385506259,0.077174756,0.003001200
2020-08-28,0.563500000,34825342,385550754,0.090326218,0.004597498
2020-08-29,0.538400000,29004417,385541395,0.075230357,0.003047132
2020-08-30,0.532400000,24391411,385507034,0.063270987,0.002131313
2020-08-31,0.510600000,20603032,385498071,0.053445227,0.001458474
2020-09-01,0.481500000,28259171,385536949,0.073298218,0.002586921
2020-09-02,0.445400000,26889643,385531484,0.069746944,0.002166709
2020-09-03,0.383500000,31019142,385582454,0.080447494,0.002481935
2020-09-04,0.376400000,23328642,385671504,0.060488375,0.001377189
2020-09-05,0.335300000,23280856,385680424,0.060363074,0.001221733
2020-09-06,0.342100000,20492412,385629947,0.053140094,0.000966046
2020-09-07,0.326100000,22682242,385671944,0.058812268,0.001127942
2020-09-08,0.316800000,18298747,385728990,0.047439387,0.000712957
2020-09-09,0.317400000,14705501,385663560,0.038130387,0.000461476
2020-09-10,0.349900000,29010274,385735630,0.075207661,0.001979102
2020-09-11,0.338900000,19310891,385742608,0.050061597,0.000849339
2020-09-12,0.329700000,17711750,385762715,0.045913587,0.000695027
2020-09-13,0.309000000,18542977,385789553,0.048065006,0.000713866
2020-09-14,0.320100000,11079416,385742640,0.028722300,0.000264073
2020-09-15,0.337600000,33702133,385783771,0.087360162,0.002576495
2020-09-16,0.321100000,51347372,385873519,0.133067881,0.005685737
2020-09-17,0.312400000,18496965,385875317,0.047935083,0.000717824
2020-09-18,0.318900000,16332828,385856626,0.042328750,0.000571380
2020-09-19,0.317900000,10532520,385847679,0.027297092,0.000236877
2020-09-20,0.310400000,11448934,385830612,0.029673471,0.000273312
2020-09-21,0.289800000,15520959,385867443,0.040223552,0.000468877
2020-09-22,0.300500000,8216686,385920985,0.021291108,0.000136220
2020-09-23,0.290500000,7125707,385930413,0.018463710,0.000099034
2020-09-24,0.301800000,10703357,385907889,0.027735521,0.000232162
2020-09-25,0.324200000,30391147,386072690,0.078718719,0.002008950
2020-09-26,0.316000000,12084797,386076975,0.031301523,0.000309612
2020-09-27,0.312800000,6539930,386076570,0.016939463,0.000089757
2020-09-28,0.323000000,20217084,386110969,0.052360811,0.000885554
2020-09-29,0.333500000,39786900,386208402,0.103019249,0.003539424
2020-09-30,0.334600000,11762612,386190185,0.030458081,0.000310407
2020-10-01,0.317900000,12766417,386208610,0.033055755,0.000347364
2020-10-02,0.329500000,25531320,386208835,0.066107551,0.001439984
2020-10-03,0.310900000,16929424,386305175,0.043823964,0.000597096
2020-10-04,0.301900000,6777873,386207854,0.017549807,0.000092984
2020-10-05,0.310900000,14836584,386333693,0.038403547,0.000458525
2020-10-06,0.294600000,10516460,386412984,0.027215596,0.000218207
2020-10-07,0.303200000,8922391,386369822,0.023092878,0.000161691
2020-10-08,0.301100000,8515367,386434298,0.022035743,0.000146206
2020-10-09,0.317500000,9850630,386551490,0.025483358,0.000206185
2020-10-10,0.308100000,12862950,386622399,0.033270060,0.000341035
2020-10-11,0.321300000,12704553,386604532,0.032861884,0.000346973
2020-10-12,0.325200000,12609250,386790286,0.032599706,0.000345603
2020-10-13,0.316300000,12824828,386723803,0.033162757,0.000347857
2020-10-14,0.320300000,21692254,386777040,0.056084648,0.001007500
2020-10-15,0.324300000,8985103,386834548,0.023227251,0.000174962
2020-10-16,0.319000000,10925085,386815969,0.028243624,0.000254467
2020-10-17,0.316700000,4762889,386881288,0.012310984,0.000047999
2020-10-18,0.313700000,3367396,386833210,0.008705032,0.000023771
2020-10-19,0.320000000,13455372,386979953,0.034770204,0.000386869
2020-10-20,0.310500000,14563536,386923198,0.037639346,0.000439892
2020-10-21,0.312300000,12842680,386926744,0.033191503,0.000344053
2020-10-22,0.314000000,10570713,386946605,0.027318274,0.000234334
2020-10-23,0.316500000,15177400,386817071,0.039236634,0.000487256
2020-10-24,0.311500000,8289612,386862552,0.021427795,0.000143025
2020-10-25,0.308100000,6680964,386803775,0.017272231,0.000091915
2020-10-26,0.304200000,17374826,386741486,0.044926201,0.000613986
2020-10-27,0.309200000,17095631,386608169,0.044219528,0.000604599
2020-10-28,0.308200000,22552015,386568608,0.058338971,0.001048939
2020-10-29,0.302100000,8872850,386555862,0.022953604,0.000159167
2020-10-30,0.303900000,11275663,386549434,0.029170042,0.000258586
2020-10-31,0.302700000,7755775,386736227,0.020054430,0.000121740
2020-11-01,0.299600000,5846469,386652136,0.015120746,0.000068500
2020-11-02,0.286900000,13937494,386588968,0.036052487,0.000372907
2020-11-03,0.290500000,14683133,386558441,0.037984250,0.000419134
2020-11-04,0.284000000,10215444,386257627,0.026447228,0.000198645
2020-11-05,0.292400000,9249258,386166084,0.023951502,0.000167742
2020-11-06,0.304700000,11002767,386177151,0.028491501,0.000247345
2020-11-07,0.292400000,13396919,386094952,0.034698508,0.000352046
2020-11-08,0.303000000,6736845,386165442,0.017445489,0.000092217
2020-11-09,0.297400000,9329916,386096947,0.024164698,0.000173662
2020-11-10,0.308300000,11921288,385948521,0.030888284,0.000294145
2020-11-11,0.320900000,22521864,385992686,0.058347902,0.001092497
2020-11-12,0.316500000,17650480,385707592,0.045761298,0.000662782
2020-11-13,0.318900000,11720232,385692371,0.030387513,0.000294473
2020-11-14,0.305300000,11490740,385659322,0.029795054,0.000271029
2020-11-15,0.308000000,17160136,385704659,0.044490353,0.000609653
2020-11-16,0.312900000,25931141,385541841,0.067258954,0.001415487
2020-11-17,0.311100000,21048698,385368576,0.054619654,0.000928107
2020-11-18,0.316300000,25356238,385105922,0.065842243,0.001371224
2020-11-19,0.323800000,21506702,385004759,0.055860872,0.001010398
2020-11-20,0.343000000,24235545,384812513,0.062980138,0.001360509
2020-11-21,0.345600000,16423348,384787159,0.042681642,0.000629587
2020-11-22,0.348000000,38510707,384586589,0.100135335,0.003489426
2020-11-23,0.378800000,54137957,384512257,0.140796439,0.007509194
2020-11-24,0.411300000,59780355,384385342,0.155521942,0.009948144
2020-11-25,0.407000000,47005862,384269560,0.122325230,0.006090129
2020-11-26,0.349400000,47896090,384247118,0.124649186,0.005428774
2020-11-27,0.383900000,31957640,384175660,0.083184968,0.002656488
2020-11-28,0.385000000,10153855,384103244,0.026435222,0.000269046
2020-11-29,0.380100000,11097224,384169027,0.028886307,0.000317163
2020-11-30,0.398200000,46379877,384179224,0.120724584,0.005803536
2020-12-01,0.389000000,40645172,384081283,0.105824402,0.004356335
2020-12-02,0.408200000,24177090,383951124,0.062969186,0.001618561
2020-12-03,0.502500000,95566890,383762038,0.249026428,0.031162116
2020-12-04,0.450900000,81669900,383858911,0.212760204,0.020410847
2020-12-05,0.510000000,50472286,383570531,0.131585412,0.008830507
2020-12-06,0.501700000,13155639,383366131,0.034316122,0.000590800
2020-12-07,0.508300000,25513108,383418139,0.066541214,0.002250617
2020-12-08,0.472700000,43979744,383404595,0.114708443,0.006219799
2020-12-09,0.492100000,41480508,383431815,0.108182228,0.005759240
2020-12-10,0.475500000,23370654,383399521,0.060956399,0.001766807
2020-12-11,0.464100000,27087677,383398727,0.070651453,0.002316614
2020-12-12,0.482600000,14149959,383333871,0.036912884,0.000657572
2020-12-13,0.479700000,14530156,383379327,0.037900208,0.000689053
2020-12-14,0.472000000,17464085,383368013,0.045554361,0.000979494
2020-12-15,0.478200000,13446286,383408036,0.035070434,0.000588155
2020-12-16,0.503800000,50983744,383426848,0.132968632,0.008907515
2020-12-17,0.483300000,58889712,383511399,0.153554008,0.011395650
2020-12-18,0.532000000,45114041,383480855,0.117643530,0.007362880
2020-12-19,0.537600000,18522275,383481395,0.048300322,0.001254178
2020-12-20,0.488900000,35540751,383482915,0.092678837,0.004199341
2020-12-21,0.469200000,51223212,383487581,0.133572023,0.008371225
2020-12-22,0.509500000,39890018,485584575,0.082148445,0.003438293
2020-12-23,0.460900000,32711540,485587598,0.067364860,0.002091575
2020-12-24,0.519200000,50205050,485539940,0.103400454,0.005551107
2020-12-25,0.538200000,123794300,485516093,0.254974658,0.034989499
2020-12-26,0.540400000,31714791,485574067,0.065314013,0.002305303
2020-12-27,0.551800000,46151395,485568030,0.095046199,0.004984840
2020-12-28,0.620000000,74046121,485532502,0.152504973,0.014419815
2020-12-29,0.648000000,70115852,485448381,0.144435237,0.013518276
2020-12-30,0.669100000,54104848,485437631,0.111455818,0.008311827
2020-12-31,0.652500000,27312087,485458599,0.056260384,0.002065313
2021-01-01,0.649400000,24930819,485457484,0.051355309,0.001712707
2021-01-02,0.631400000,30566593,485435375,0.062967379,0.002503432
2021-01-03,0.661900000,49501104,485370807,0.101986159,0.006884539
2021-01-04,0.670200000,77472404,485326867,0.159629332,0.017077717
2021-01-05,0.716700000,61113187,485198601,0.125954994,0.011370202
2021-01-06,0.716200000,24405892,485171935,0.050303594,0.001812309
2021-01-07,0.859000000,85429179,485140158,0.176091750,0.026636133
2021-01-08,0.852600000,39658616,485044132,0.081762902,0.005699778
2021-01-09,0.819000000,22171209,485013917,0.045712521,0.001711411
2021-01-10,0.847100000,35997262,484928816,0.074232055,0.004667858
2021-01-11,0.740400000,76485435,484914606,0.157729699,0.018420158
2021-01-12,0.749000000,43148860,484864630,0.088991560,0.005931704
2021-01-13,0.821400000,35898360,484804300,0.074047116,0.004503716
2021-01-14,0.831400000,36881998,484848949,0.076069048,0.004810896
2021-01-15,0.791800000,27207153,484851392,0.056114417,0.002493242
2021-01-16,0.761500000,19724800,484848787,0.040682374,0.001260325
2021-01-17,0.807300000,28789077,484825255,0.059380317,0.002846558
2021-01-18,0.799800000,16150506,484798111,0.033313881,0.000887630
2021-01-19,0.910500000,66167438,484812166,0.136480564,0.016959833
2021-01-20,0.904700000,27179387,484802651,0.056062785,0.002843504
2021-01-21,0.796200000,30751923,484806919,0.063431279,0.003203532
2021-01-22,0.813200000,34062392,484783277,0.070263133,0.004014693
2021-01-23,0.900700000,25333903,484766426,0.052260019,0.002459910
2021-01-24,0.907300000,27631460,484748705,0.057001618,0.002947985
2021-01-25,0.870400000,25175010,484756214,0.051933342,0.002347531
2021-01-26,1.270000000,206220217,483194513,0.426785096,0.231324808
2021-01-27,1.120000000,100601928,486128476,0.206945144,0.047965448
2021-01-28,1.450000000,169964657,486006914,0.349716540,0.177337405
2021-01-29,1.480000000,102628144,482964586,0.212496209,0.066828866
2021-01-30,1.430000000,52283767,485411475,0.107710200,0.016590127
2021-01-31,1.460000000,59787257,484540623,0.123389565,0.022228478
2021-02-01,1.790000000,102718154,484727394,0.211909116,0.080380797
2021-02-02,2.340000000,108230312,484185131,0.223530847,0.116920532
2021-02-03,2.100000000,116526441,485036386,0.240242679,0.121204744
2021-02-04,2.640000000,118604075,484810954,0.244639842,0.158000441
2021-02-05,2.870000000,58973249,484188340,0.121798160,0.042575852
2021-02-06,2.680000000,43304119,484980481,0.089290438,0.021367056
2021-02-07,3.050000000,67082363,483591356,0.138717044,0.058689375
2021-02-08,5.790000000,159816696,482429666,0.331274603,0.635411173
2021-02-09,6.440000000,179073734,479228561,0.373670829,0.899216482
2021-02-10,6.120000000,75126641,476461360,0.157676252,0.152154218
2021-02-11,5.480000000,54979119,472258392,0.116417452,0.074270566
2021-02-12,5.730000000,61798157,465148684,0.132856780,0.101139795
2021-02-13,5.590000000,33865460,458611112,0.073843524,0.030481521
2021-02-14,5.650000000,41418567,453383170,0.091354443,0.047152834
2021-02-15,5.450000000,47954812,449668399,0.106644834,0.061983507
2021-02-16,6.510000000,70659967,445970242,0.158440990,0.163424093
2021-02-17,7.300000000,79237099,442293365,0.179150548,0.234292907
2021-02-18,6.710000000,39792298,439331210,0.090574713,0.055047355
2021-02-19,6.320000000,32420545,436626574,0.074252341,0.034844752
2021-02-20,5.960000000,32779931,434013237,0.075527491,0.033998235
2021-02-21,6.120000000,25568106,430328503,0.059415322,0.021604704
2021-02-22,7.070000000,103399830,426009760,0.242717046,0.416504759
2021-02-23,6.710000000,86271860,424626179,0.203171316,0.276979296
2021-02-24,6.690000000,51879001,422674924,0.122739719,0.100785108
2021-02-25,5.960000000,41500495,418572481,0.099147691,0.058588377
2021-02-26,5.900000000,31506736,413919317,0.076118060,0.034184359
2021-02-27,5.920000000,22483584,410711608,0.054742996,0.017741030
2021-02-28,5.350000000,30733598,407021669,0.075508506,0.030503210
2021-03-01,6.750000000,42114823,405544446,0.103847613,0.072794205
2021-03-02,6.460000000,28809470,404610519,0.071202969,0.032751314
2021-03-03,7.220000000,63686143,402283928,0.158311429,0.180951311
2021-03-04,7.500000000,55858157,408687749,0.136676856,0.140104222
2021-03-05,8.490000000,63582577,406479208,0.156422705,0.207733853
2021-03-06,8.240000000,40750990,405340260,0.100535265,0.083284477
2021-03-07,8.270000000,22715764,404403064,0.056171097,0.026093439
2021-03-08,9.640000000,43937941,402680285,0.109113714,0.114771937
2021-03-09,11.710000000,71973094,399643273,0.180093346,0.379797609
2021-03-10,11.150000000,35200879,396486694,0.088781992,0.087887000
2021-03-11,10.820000000,32627806,392937917,0.083035523,0.074602798
2021-03-12,14.160000000,54962580,409141985,0.134336201,0.255534405
2021-03-13,14.590000000,31419703,405656221,0.077454016,0.087527228
2021-03-14,15.870000000,49647008,403261263,0.123113754,0.240541533
2021-03-15,16.340000000,39701001,400732048,0.099071191,0.160378747
2021-03-16,19.880000000,73102975,398017773,0.183667614,0.670627792
2021-03-17,18.590000000,56149564,417796227,0.134394618,0.335770969
2021-03-18,19.010000000,29501858,390969506,0.075458207,0.108241819
2021-03-19,20.010000000,41713123,409069387,0.101970777,0.208064768
2021-03-20,20.890000000,19143086,407640617,0.046960693,0.046068856
2021-03-21,21.980000000,26875843,406277764,0.066151401,0.096184653
2021-03-22,19.430000000,26416290,404949922,0.065233474,0.082682542
2021-03-23,17.050000000,31323549,403341466,0.077660125,0.102830169
2021-03-24,16.690000000,50285375,401767295,0.125160448,0.261451150
2021-03-25,16.450000000,28351402,400475685,0.070794315,0.082444687
2021-03-26,18.530000000,25404412,398401961,0.063765780,0.075344364
2021-03-27,18.750000000,14362208,396273083,0.036243208,0.024629440
2021-03-28,18.590000000,11741558,394149568,0.029789600,0.016497143
2021-03-29,18.900000000,14030576,392811098,0.035718381,0.024112672
2021-03-30,18.670000000,14724809,391618003,0.037599929,0.026394800
2021-03-31,18.700000000,26886805,390426286,0.068865253,0.088683311
2021-04-01,18.520000000,17793797,389316491,0.045705223,0.038687676
2021-04-02,18.570000000,15517730,388216915,0.039971803,0.029670125
2021-04-03,18.140000000,10409043,387577891,0.026856648,0.013084011
2021-04-04,18.350000000,8489289,387064384,0.021932499,0.008826983
2021-04-05,17.560000000,11781416,386442329,0.030486867,0.016321125
2021-04-06,16.730000000,18133359,385674838,0.047017221,0.036983658
2021-04-07,15.460000000,22911072,384742881,0.059549047,0.054822536
2021-04-08,15.750000000,14111139,383977901,0.036749872,0.021271211
2021-04-09,15.680000000,20225774,383475196,0.052743370,0.043619613
2021-04-10,15.510000000,14980973,383361330,0.039077945,0.023685101
2021-04-11,15.140000000,10069655,382529981,0.026323833,0.010491175
2021-04-12,14.640000000,14814270,381946667,0.038786226,0.022023996
2021-04-13,15.620000000,26010282,381397241,0.068197351,0.072646726
2021-04-14,15.300000000,22222208,380864127,0.058346813,0.052086564
2021-04-15,16.890000000,20885649,380140878,0.054941867,0.050984301
2021-04-16,15.800000000,23140316,379877196,0.060915255,0.058628558
2021-04-17,15.340000000,18234987,379568337,0.048041380,0.035404325
2021-04-18,13.400000000,40156070,379489811,0.105815938,0.150039970
2021-04-19,13.910000000,45314516,378860891,0.119607269,0.198995051
2021-04-20,13.430000000,34114145,378325916,0.090171313,0.109197526
2021-04-21,13.280000000,34766460,377688070,0.092050723,0.112525897
2021-04-22,13.650000000,55755756,376959210,0.147909256,0.298623069
2021-04-23,14.080000000,49885532,376302048,0.132567792,0.247445009
2021-04-24,15.570000000,44219482,376067264,0.117583970,0.215270664
2021-04-25,17.660000000,57259024,375904158,0.152323466,0.409755063
2021-04-26,17.620000000,32844033,374860650,0.087616646,0.135263042
2021-04-27,17.720000000,41842436,393664871,0.106289485,0.200190896
2021-04-28,16.820000000,29209384,392711209,0.074378789,0.093051676
2021-04-29,16.240000000,21831735,391688486,0.055737494,0.050452293
2021-04-30,16.690000000,18281481,391055012,0.046749129,0.036475678
2021-05-01,16.540000000,12228063,390628908,0.031303529,0.016207727
2021-05-02,17.150000000,20567923,390492549,0.052671743,0.047579460
2021-05-03,17.280000000,43960326,390296765,0.112633078,0.219217714
2021-05-04,16.340000000,36658662,389550057,0.094105140,0.144703401
2021-05-05,17.020000000,28049800,388998417,0.072107748,0.088495954
2021-05-06,16.770000000,27959417,388110892,0.072039764,0.087031732
2021-05-07,16.580000000,18017912,386930724,0.046566248,0.035952328
2021-05-08,16.980000000,17465847,386378360,0.045203998,0.034696956
2021-05-09,16.990000000,19064086,386177378,0.049366140,0.041404898
2021-05-10,15.870000000,37814520,385627466,0.098059716,0.152601283
2021-05-11,16.310000000,22747975,384987710,0.059087537,0.056943706
2021-05-12,14.480000000,47317682,384053037,0.123206112,0.219802723
2021-05-13,15.900000000,55942914,383640665,0.145821128,0.338094440
2021-05-14,16.410000000,25447512,383458934,0.066363069,0.072270573
2021-05-15,15.220000000,24286756,383438604,0.063339361,0.061060733
2021-05-16,16.180000000,39785904,383488188,0.103747404,0.174153815
2021-05-17,14.960000000,30686496,383029240,0.080115284,0.096020143
2021-05-18,15.700000000,28452964,382677037,0.074352420,0.086794032
2021-05-19,9.640000000,92675400,382271862,0.242433223,0.566580085
2021-05-20,10.410000000,74305012,382311257,0.194357373,0.393235550
2021-05-21,8.270000000,68987987,382711541,0.180261056,0.268725779
2021-05-22,6.580000000,67890769,384415917,0.176607591,0.205231788
2021-05-23,4.110000000,153371263,389123421,0.394145544,0.638491419
2021-05-24,6.590000000,207486998,396872577,0.522805076,1.801212725
2021-05-25,6.640000000,148154158,401443720,0.369053370,0.904370591
2021-05-26,7.330000000,118731983,403503906,0.294252377,0.634664103
2021-05-27,6.650000000,71261701,405101984,0.175910521,0.205781000
2021-05-28,5.900000000,84600894,405995957,0.208378662,0.256187834
2021-05-29,5.490000000,47494895,407189275,0.116640829,0.074691905
2021-05-30,6.220000000,57280421,407934743,0.140415648,0.122636967
2021-05-31,6.560000000,63730727,409202480,0.155743745,0.159120108
2021-06-01,6.300000000,39327932,410093571,0.095899898,0.057939780
2021-06-02,6.840000000,43173567,410748428,0.105109512,0.075568385
2021-06-03,7.670000000,60665384,412235401,0.147161996,0.166106530
2021-06-04,6.390000000,93286427,412613296,0.226086817,0.326626441
2021-06-05,6.060000000,53882497,413333996,0.130360670,0.102983060
2021-06-06,6.250000000,24506311,415223322,0.059019591,0.021770701
2021-06-07,5.580000000,47063899,416723789,0.112937874,0.071172696
2021-06-08,5.620000000,51551605,416583638,0.123748511,0.086062960
2021-06-09,6.020000000,40750276,417005379,0.097721225,0.057487615
2021-06-10,6.140000000,50171351,417178434,0.120263530,0.088804765
2021-06-11,5.550000000,35254872,417763514,0.084389543,0.039524852
2021-06-12,5.500000000,32112148,417353363,0.076942348,0.032560687
2021-06-13,6.070000000,21562456,417668757,0.051625734,0.016177864
2021-06-14,6.040000000,22261944,417392573,0.053335744,0.017181998
2021-06-15,6.590000000,31027700,417607291,0.074298751,0.036378806
2021-06-16,6.170000000,27035471,417912561,0.064691692,0.025821543
2021-06-17,6.150000000,17776208,417999400,0.042526876,0.011122491
2021-06-18,5.920000000,32036123,416437619,0.076928985,0.035034967
2021-06-19,5.760000000,15171065,416915188,0.036388853,0.007627096
2021-06-20,5.890000000,17005229,417005157,0.040779421,0.009794841
2021-06-21,4.840000000,34758623,417388602,0.083276406,0.033565205
2021-06-22,4.710000000,49328812,417292018,0.118211731,0.065817603
2021-06-23,5.250000000,47896258,417515595,0.114717291,0.069090298
2021-06-24,5.450000000,23658848,417795421,0.056627830,0.017476576
2021-06-25,5.060000000,25266836,417891149,0.060462721,0.018498047
2021-06-26,5.200000000,17482926,417862908,0.041838903,0.009102568
2021-06-27,5.400000000,11369501,417802681,0.027212609,0.003998841
2021-06-28,5.530000000,17718236,417696069,0.042418968,0.009950510
2021-06-29,5.990000000,27113777,417549501,0.064935480,0.025257534
2021-06-30,6.520000000,31162746,418087421,0.074536436,0.036223036
2021-07-01,5.920000000,24954392,418055051,0.059691642,0.021093505
2021-07-02,5.730000000,17484742,417985182,0.041831009,0.010026545
2021-07-03,5.810000000,11532827,418311071,0.027569978,0.004416202
2021-07-04,5.970000000,17523657,418649209,0.041857614,0.010459797
2021-07-05,6.040000000,19161041,418317225,0.045805048,0.012672539
2021-07-06,6.530000000,31569704,417935664,0.075537234,0.037259355
2021-07-07,7.090000000,53326377,417785696,0.127640505,0.115510978
2021-07-08,6.700000000,38750396,419593710,0.092352184,0.057143804
2021-07-09,8.090000000,59240312,419565815,0.141194325,0.161280925
2021-07-10,7.900000000,40776970,419075469,0.097302212,0.074794991
2021-07-11,8.420000000,36973441,419519438,0.088132843,0.065401492
2021-07-12,7.890000000,27691218,419455126,0.066017117,0.034386669
2021-07-13,7.100000000,26696316,419648146,0.063615952,0.028733624
2021-07-14,6.920000000,48523853,419383327,0.115702867,0.092639101
2021-07-15,6.610000000,28111077,419727710,0.066974555,0.029649757
2021-07-16,6.580000000,33162999,419532805,0.079047450,0.041115126
2021-07-17,6.480000000,23628852,419548910,0.056319660,0.020553938
2021-07-18,6.500000000,17834302,419335278,0.042529935,0.011757170
2021-07-19,5.950000000,19325279,419630252,0.046053112,0.012619291
2021-07-20,5.870000000,23232170,419388495,0.055395344,0.018012941
2021-07-21,6.610000000,30424132,419167536,0.072582272,0.034822710
2021-07-22,7.350000000,33275307,418255770,0.079557317,0.046520846
2021-07-23,7.930000000,36491106,417498505,0.087404159,0.060581131
2021-07-24,8.490000000,39459974,417641564,0.094482871,0.075790339
2021-07-25,8.250000000,32289798,418097919,0.077230230,0.049207194
2021-07-26,8.520000000,62375400,418031160,0.149212321,0.189691978
2021-07-27,9.510000000,46808478,417370527,0.112150895,0.119615100
2021-07-28,10.970000000,51946447,416841704,0.124619122,0.170363284
2021-07-29,11.040000000,46968497,415985335,0.112909021,0.140742854
2021-07-30,10.850000000,37558313,415437983,0.090406545,0.088680775
2021-07-31,10.760000000,28552957,415596050,0.068703630,0.050789232
2021-08-01,11.930000000,37431938,415597424,0.090067783,0.096778611
2021-08-02,12.330000000,31737323,415013915,0.076472913,0.072107152
2021-08-03,14.720000000,60505229,414840167,0.145851906,0.313135298
2021-08-04,14.510000000,54264775,414968184,0.130768519,0.248126883
2021-08-05,14.550000000,37026098,415053654,0.089207981,0.115789829
2021-08-06,14.500000000,31297437,414153399,0.075569674,0.082806247
2021-08-07,14.590000000,34776321,414174187,0.083965449,0.102862368
2021-08-08,13.410000000,27078724,414373817,0.065348540,0.057266489
2021-08-09,13.970000000,30434192,413298167,0.073637376,0.075751810
2021-08-10,16.750000000,39436954,413019497,0.095484485,0.152714554
2021-08-11,17.020000000,34319538,412333287,0.083232519,0.117908640
2021-08-12,16.570000000,27447586,411813782,0.066650480,0.073608688
2021-08-13,17.800000000,18740964,411844642,0.045504935,0.036858444
2021-08-14,17.400000000,16277668,411836192,0.039524618,0.027182200
2021-08-15,19.280000000,24417896,411750011,0.059302721,0.067804150
2021-08-16,22.000000000,65707984,410526580,0.160057806,0.563607029
2021-08-17,25.230000000,76937465,409028344,0.188098127,0.892660241
2021-08-18,30.840000000,79905750,408144369,0.195778151,1.182068967
2021-08-19,29.400000000,71468922,406914392,0.175636259,0.906934008
2021-08-20,30.650000000,40183110,406385901,0.098879192,0.299667950
2021-08-21,27.550000000,29691674,406222222,0.073092196,0.147185023
2021-08-22,28.030000000,26274025,405098446,0.064858370,0.117911227
2021-08-23,29.920000000,35821396,404869911,0.088476311,0.234215483
2021-08-24,29.670000000,78126571,404534440,0.193127118,1.106634148
2021-08-25,29.990000000,36547021,404197964,0.090418616,0.245184028
2021-08-26,27.010000000,38001559,403702280,0.094132635,0.239334338
2021-08-27,32.660000000,48465062,403387797,0.120145088,0.471441944
2021-08-28,34.960000000,49011366,403089979,0.121589147,0.516845862
2021-08-29,33.330000000,38395855,402996081,0.095276001,0.302553622
2021-08-30,33.470000000,47793737,402163125,0.118841669,0.472708267
2021-08-31,31.560000000,39943619,401910496,0.099384365,0.311726074
2021-09-01,31.660000000,31328716,401458396,0.078037266,0.192803539
2021-09-02,32.870000000,29876183,400915876,0.074519831,0.182533857
2021-09-03,31.740000000,29718563,400771440,0.074153395,0.174529561
2021-09-04,31.410000000,14975181,400699909,0.037372558,0.043870602
2021-09-05,34.490000000,25029941,400540777,0.062490369,0.134685045
2021-09-06,32.350000000,28293156,400538310,0.070637826,0.161416876
2021-09-07,27.790000000,59578785,400257248,0.148851233,0.615734399
2021-09-08,29.430000000,63861206,400035221,0.159638959,0.750011698
2021-09-09,30.510000000,41521187,404638173,0.102613123,0.321253614
2021-09-10,43.540000000,111191344,403653766,0.275462175,3.303789506
2021-09-11,39.090000000,61578457,403062671,0.152776384,0.912384974
2021-09-12,39.230000000,42452879,402894502,0.105369715,0.435561937
2021-09-13,37.190000000,44624483,402787520,0.110789140,0.456478749
2021-09-14,35.670000000,29741800,402385657,0.073913669,0.194873431
2021-09-15,36.690000000,25266987,402061714,0.062843555,0.144900272
2021-09-16,37.520000000,37091039,402070003,0.092250201,0.319298940
2021-09-17,34.430000000,31368878,401688729,0.078092502,0.209969251
2021-09-18,34.780000000,20977534,401731825,0.052217754,0.094834411
2021-09-19,32.960000000,30061096,401617613,0.074850045,0.184659365
2021-09-20,27.220000000,62760338,400683657,0.156633137,0.667813833
2021-09-21,25.150000000,58539249,400362355,0.146215667,0.537682385
2021-09-22,33.270000000,46048274,400650643,0.114933732,0.439488809
2021-09-23,36.200000000,43936856,400220876,0.109781521,0.436281758
2021-09-24,40.200000000,77105089,399927687,0.192797577,1.494270403
2021-09-25,37.910000000,44883027,399931673,0.112226737,0.477470402
2021-09-26,34.640000000,41726904,400119941,0.104285990,0.376729664
2021-09-27,36.910000000,45205629,399953838,0.113027117,0.471530015
2021-09-28,33.160000000,35059449,399925278,0.087664998,0.254839636
2021-09-29,34.190000000,33373874,399558700,0.083526835,0.238534471
2021-09-30,38.600000000,28978884,399692969,0.072502861,0.202907264
2021-10-01,37.740000000,33675175,399766832,0.084237042,0.267798480
2021-10-02,41.480000000,36044583,399782936,0.090160384,0.337186559
2021-10-03,42.740000000,47800538,399816680,0.119556137,0.610911455
2021-10-04,46.720000000,54954274,399595046,0.137524913,0.883620116
2021-10-05,44.710000000,30400494,399573793,0.076082303,0.258804584
2021-10-06,41.950000000,34330291,402418652,0.085309890,0.305302757
2021-10-07,46.540000000,35667083,402146720,0.088691717,0.366093906
2021-10-08,43.290000000,29767693,401873214,0.074072348,0.237519795
2021-10-09,42.470000000,15875696,401900012,0.039501607,0.066269209
2021-10-10,39.370000000,19368449,401980067,0.048182610,0.091399973
2021-10-11,39.210000000,24770478,401823297,0.061645200,0.149003126
2021-10-12,37.600000000,31816057,401839163,0.079176098,0.235708932
2021-10-13,36.620000000,26626414,401812754,0.066265725,0.160803780
2021-10-14,37.150000000,28002786,401864286,0.069682196,0.180385853
2021-10-15,36.950000000,24935633,401838544,0.062053860,0.142282683
2021-10-16,36.590000000,14972959,401940874,0.037251645,0.050775396
2021-10-17,36.190000000,15202295,401895269,0.037826509,0.051782273
2021-10-18,35.820000000,15503733,401814795,0.038584276,0.053326896
2021-10-19,37.730000000,16966235,401874430,0.042217752,0.067247636
2021-10-20,42.550000000,33541314,402003819,0.083435311,0.296209745
2021-10-21,40.910000000,35655814,401522226,0.088801594,0.322604934
2021-10-22,43.620000000,40011640,401551729,0.099642555,0.433087227
2021-10-23,43.190000000,19409976,401430741,0.048351992,0.100974556
2021-10-24,41.480000000,17105188,401432336,0.042610389,0.075312963
2021-10-25,42.790000000,17641315,401259134,0.043964894,0.082709299
2021-10-26,43.870000000,28685334,401076205,0.071520907,0.224405585
2021-10-27,39.870000000,35045091,401549323,0.087274685,0.303684631
2021-10-28,42.960000000,21561233,401167004,0.053746276,0.124096930
2021-10-29,45.580000000,16965738,400809290,0.042328705,0.081666564
2021-10-30,43.340000000,11363839,400713322,0.028359024,0.034855511
2021-10-31,42.890000000,12447336,400686801,0.031065000,0.041390319
2021-11-01,44.060000000,12691819,400276388,0.031707638,0.044296791
2021-11-02,44.760000000,13097084,400047182,0.032738849,0.047975211
2021-11-03,48.060000000,28869863,399878114,0.072196656,0.250505883
2021-11-04,51.920000000,27153364,399545043,0.067960709,0.239800721
2021-11-05,49.970000000,17829705,399189085,0.044664811,0.099687418
2021-11-06,51.180000000,12969659,399153322,0.032492925,0.054035341
2021-11-07,50.610000000,10622793,399148796,0.026613618,0.035846286
2021-11-08,54.160000000,18153821,399033517,0.045494476,0.112097514
2021-11-09,50.240000000,15573357,399027614,0.039028270,0.076525861
2021-11-10,48.790000000,28436051,483527181,0.058809622,0.168743710
2021-11-11,50.600000000,17810825,475018106,0.037495045,0.071137449
2021-11-12,49.560000000,16336558,465861460,0.035067416,0.060945106
2021-11-13,52.170000000,10987298,457500768,0.024015911,0.030089776
2021-11-14,51.070000000,8175527,449081004,0.018205017,0.016925754
2021-11-15,48.050000000,10419738,440422297,0.023658515,0.026894803
2021-11-16,43.250000000,30209043,432066172,0.069917632,0.211426552
2021-11-17,43.150000000,24798558,423486624,0.058558066,0.147963381
2021-11-18,40.280000000,32979619,414916837,0.079484890,0.254482907
2021-11-19,42.420000000,20905011,406156987,0.051470274,0.112378602
2021-11-20,45.120000000,14990048,399605288,0.037512137,0.063491079
2021-11-21,43.600000000,12861176,399635257,0.032182284,0.045156495
2021-11-22,41.070000000,18470075,399318701,0.046253969,0.087866374
2021-11-23,42.690000000,14763447,398969818,0.037003918,0.058454989
2021-11-24,41.360000000,15249126,398967099,0.038221512,0.060422161
2021-11-25,40.050000000,20123220,398533705,0.050493144,0.102109780
2021-11-26,40.770000000,38234866,395764628,0.096610115,0.380527378
2021-11-27,43.890000000,17697593,394436779,0.044868008,0.088356632
2021-11-28,50.100000000,41831167,393187875,0.106389769,0.567071026
2021-11-29,51.700000000,27210943,391884625,0.069436107,0.249264983
2021-11-30,59.720000000,41696713,390976017,0.106647750,0.679239908
2021-12-01,64.230000000,35651736,389901606,0.091437778,0.537018498
2021-12-02,66.180000000,35542237,388374392,0.091515398,0.554262001
2021-12-03,63.340000000,42304754,386648988,0.109413849,0.758267863
2021-12-04,75.560000000,74845242,387771465,0.193013794,2.814936781
2021-12-05,68.110000000,67084078,385713262,0.173922145,2.060253438
2021-12-06,67.290000000,60063820,384121558,0.156366699,1.645277149
2021-12-07,68.980000000,43436049,383127354,0.113372352,0.886619954
2021-12-08,75.040000000,36006581,381204473,0.094454769,0.669484628
2021-12-09,66.480000000,44592445,379809289,0.117407462,0.916394374
2021-12-10,60.930000000,42730998,378824636,0.112798888,0.775248286
2021-12-11,59.980000000,32645300,378761913,0.086189501,0.445569229
2021-12-12,61.920000000,23007557,378393572,0.060803245,0.228920379
2021-12-13,52.750000000,35705917,377504263,0.094584142,0.471909934
2021-12-14,57.280000000,43054526,376762398,0.114275008,0.748006776
2021-12-15,61.530000000,35228333,376255974,0.093628634,0.539391732
2021-12-16,64.320000000,29844259,376288111,0.079312256,0.404600711
2021-12-17,65.710000000,30062265,376128289,0.079925563,0.419761764
2021-12-18,74.000000000,28572779,374897461,0.076214919,0.429844822
2021-12-19,78.230000000,29307266,374020703,0.078357335,0.480322185
2021-12-20,82.070000000,50154564,372245548,0.134735162,1.489862989
2021-12-21,87.450000000,34596959,370453215,0.093390899,0.762726651
2021-12-22,85.480000000,54499546,368655527,0.147833255,1.868137302
2021-12-23,93.850000000,42002000,367143079,0.114402265,1.228297373
2021-12-24,95.970000000,40505366,365478236,0.110828394,1.178793067
2021-12-25,98.180000000,27700608,364291390,0.076039699,0.567680274
2021-12-26,99.720000000,23225335,363643635,0.063868395,0.406775016
2021-12-27,90.800000000,32893029,362948651,0.090627223,0.745767062
2021-12-28,85.370000000,39855130,362660170,0.109896630,1.031036477
2021-12-29,84.060000000,30615385,362351831,0.084490769,0.600078285
2021-12-30,84.710000000,25293854,362025234,0.069867655,0.413510946
2021-12-31,85.470000000,23945723,361791869,0.066186460,0.374413946
2022-01-01,91.360000000,16787214,361793316,0.046400011,0.196694516
2022-01-02,89.370000000,14906991,361812333,0.041200891,0.151706775
2022-01-03,88.750000000,19939401,360854918,0.055256005,0.270973816
2022-01-04,84.580000000,19492364,359932248,0.054155648,0.248059118
2022-01-05,78.590000000,27826728,359503936,0.077403124,0.470851840
2022-01-06,78.440000000,26974940,359018886,0.075135157,0.442816686
2022-01-07,68.670000000,48395545,358585178,0.134962480,1.250815184
2022-01-08,66.930000000,34816454,358425492,0.097137215,0.631527282
2022-01-09,74.480000000,31110097,358378592,0.086807912,0.561252494
2022-01-10,69.450000000,41071196,357754938,0.114802598,0.915325749
2022-01-11,73.670000000,27509875,357178314,0.077020003,0.437016397
2022-01-12,82.070000000,30568585,357032097,0.085618592,0.601617688
2022-01-13,78.000000000,31348022,356591168,0.087910258,0.602800650
2022-01-14,81.630000000,22402880,359212558,0.062366639,0.317507852
2022-01-15,87.570000000,18120993,359035497,0.050471313,0.223071738
2022-01-16,86.960000000,16368968,358615433,0.045644907,0.181177470
2022-01-17,77.180000000,24074438,358029487,0.067241495,0.348963093
2022-01-18,80.570000000,26389495,357973521,0.073719125,0.437858421
2022-01-19,81.250000000,25773119,357410726,0.072110649,0.422495589
2022-01-20,76.990000000,14881549,356999803,0.041685033,0.133781059
2022-01-21,64.840000000,58833433,355761304,0.165373333,1.773266324
2022-01-22,62.570000000,70053668,404702486,0.173099178,1.874805269
2022-01-23,69.790000000,39573176,403275863,0.098129296,0.672032943
2022-01-24,65.970000000,64679904,402213097,0.160810039,1.705975541
2022-01-25,62.830000000,41306256,401954339,0.102763553,0.663506659
2022-01-26,58.840000000,48696118,401824938,0.121187396,0.864146890
2022-01-27,54.320000000,42280914,400982803,0.105443211,0.603944465
2022-01-28,50.600000000,65959960,400658139,0.164629029,1.371397490
2022-01-29,50.790000000,43133071,400888404,0.107593710,0.587965681
2022-01-30,46.270000000,34354202,400816635,0.085710520,0.339912992
2022-01-31,52.340000000,48188357,400743825,0.120247286,0.756805507
2022-02-01,52.020000000,36559380,400883324,0.091197058,0.432645314
2022-02-02,47.570000000,35407552,400754761,0.088352168,0.371336446
2022-02-03,51.030000000,33487747,400689672,0.083575270,0.356435657
2022-02-04,53.890000000,37436362,400853991,0.093391517,0.470027258
2022-02-05,55.370000000,35668518,400925608,0.088965426,0.438245081
2022-02-06,56.100000000,23181032,400933308,0.057817676,0.187535772
2022-02-07,59.470000000,36084066,401186426,0.089943387,0.481101170
2022-02-08,57.290000000,33174236,401341266,0.082658422,0.391429041
2022-02-09,57.290000000,23896968,401353821,0.059540899,0.203099851
2022-02-10,52.170000000,38731915,401409690,0.096489737,0.485716750
2022-02-11,50.390000000,33108174,400216907,0.082725575,0.344845014
2022-02-12,52.000000000,23891264,398705974,0.059922013,0.186713674
2022-02-13,51.790000000,16982712,397285723,0.042746847,0.094635499
2022-02-14,53.850000000,22061944,398805438,0.055320069,0.164797696
2022-02-15,56.810000000,19644458,397478409,0.049422704,0.138764313
2022-02-16,56.060000000,17181528,396071850,0.043379827,0.105494232
2022-02-17,50.250000000,23195408,394463717,0.058802386,0.173750457
2022-02-18,50.730000000,24907921,392019553,0.063537444,0.204797357
2022-02-19,50.430000000,17484304,390050791,0.044825710,0.101331233
2022-02-20,49.360000000,22140512,389522628,0.056840118,0.159472242
2022-02-21,50.180000000,40095407,388255871,0.103270574,0.535160237
2022-02-22,54.780000000,42208560,386919795,0.109088655,0.651900337
2022-02-23,59.650000000,52021344,385204130,0.135048771,1.087906878
2022-02-24,65.390000000,94011355,382592437,0.245721938,3.948200533
2022-02-25,73.170000000,56830191,380868047,0.149212284,1.629079256
2022-02-26,78.080000000,40460592,379370458,0.106651932,0.888131477
2022-02-27,72.640000000,42797370,377664806,0.113321043,0.932818088
2022-02-28,91.140000000,54945061,376349395,0.145994816,1.942602280
2022-03-01,89.540000000,52070377,375130574,0.138806008,1.725176827
2022-03-02,92.110000000,51043208,373705716,0.136586640,1.718395882
2022-03-03,90.310000000,36017500,372309002,0.096740878,0.845192998
2022-03-04,83.270000000,45576862,370899620,0.122881934,1.257374468
2022-03-05,87.410000000,33305243,369463439,0.090144895,0.710302591
2022-03-06,79.120000000,34488817,367980831,0.093724495,0.695012307
2022-03-07,77.940000000,39781076,366474047,0.108550867,0.918389680
2022-03-08,85.500000000,38192062,364649340,0.104736407,0.937910621
2022-03-09,99.450000000,60725159,363206546,0.167191809,2.779935885
2022-03-10,101.590000000,57351304,361729908,0.158547311,2.553693223
2022-03-11,88.220000000,55215700,375270611,0.147135689,1.909866931
2022-03-12,86.140000000,26360867,373848586,0.070512148,0.428284893
2022-03-13,87.620000000,28960423,372960715,0.077650062,0.528307606
2022-03-14,94.850000000,36609369,372242268,0.098348232,0.917424747
2022-03-15,88.630000000,32327148,370554621,0.087239899,0.674545207
2022-03-16,89.280000000,35050623,368994062,0.094989668,0.805576749
2022-03-17,86.910000000,21240929,367563794,0.057788415,0.290236020
2022-03-18,88.610000000,28491276,366199495,0.077802609,0.536378122
2022-03-19,92.100000000,24218946,365658933,0.066233706,0.404033847
2022-03-20,90.530000000,20364611,364704443,0.055838671,0.282268663
2022-03-21,95.950000000,29824202,363465987,0.082055002,0.646033595
2022-03-22,93.000000000,21488194,362229033,0.059322120,0.327277591
2022-03-23,94.920000000,18408762,361538691,0.050917819,0.246091901
2022-03-24,93.860000000,20949407,359895187,0.058209745,0.318032821
2022-03-25,90.420000000,17753901,358665497,0.049499886,0.221550583
2022-03-26,91.390000000,10922431,357231583,0.030575211,0.085435352
2022-03-27,94.150000000,10775823,356371310,0.030237628,0.086082679
2022-03-28,97.330000000,29185521,355844746,0.082017568,0.654727372
2022-03-29,108.990000000,38853355,355458952,0.109304759,1.302161334
2022-03-30,106.020000000,24783555,355019125,0.069809069,0.516667920
2022-03-31,103.010000000,19875054,354544130,0.056058055,0.323709500
2022-04-01,105.780000000,20677011,354018239,0.058406625,0.360850897
2022-04-02,115.190000000,25484279,353641096,0.072062550,0.598182954
2022-04-03,113.070000000,19188651,353128045,0.054339074,0.333865741
2022-04-04,116.410000000,21743285,352593783,0.061666672,0.442681433
2022-04-05,116.110000000,21346157,352094557,0.060626207,0.426766594
2022-04-06,107.870000000,33016449,351839820,0.093839432,0.949885860
2022-04-07,103.560000000,24397775,351815887,0.069348133,0.498036971
2022-04-08,94.570000000,33096509,354794857,0.093283509,0.822930466
2022-04-09,97.420000000,19330583,354894262,0.054468571,0.289028110
2022-04-10,92.580000000,15805565,354949275,0.044529082,0.183571248
2022-04-11,82.390000000,40914618,354814371,0.115312741,1.095542155
2022-04-12,84.500000000,28379164,353610257,0.080255488,0.544259719
2022-04-13,87.640000000,21050755,352286652,0.059754620,0.312928663
2022-04-14,81.650000000,23939935,360926064,0.066329194,0.359224237
2022-04-15,80.350000000,15589214,359539669,0.043358815,0.151056944
2022-04-16,81.010000000,10103103,358134428,0.028210365,0.064469758
2022-04-17,77.430000000,13795377,356692775,0.038675795,0.115821120
2022-04-18,91.070000000,34372479,355438187,0.096704520,0.851665164
2022-04-19,95.620000000,25937706,354051855,0.073259626,0.513189933
2022-04-20,94.960000000,22631190,352923538,0.064124910,0.390475903
2022-04-21,90.800000000,25573098,351823591,0.072687274,0.479736329
2022-04-22,93.680000000,27136094,350388627,0.077445705,0.561877384
2022-04-23,89.530000000,13975680,349452150,0.039993116,0.143198698
2022-04-24,90.560000000,13877311,348908923,0.039773447,0.143259316
2022-04-25,97.040000000,29130210,347854391,0.083742539,0.680523357
2022-04-26,88.550000000,28563903,346808514,0.082362174,0.600681376
2022-04-27,89.090000000,19886138,345925476,0.057486770,0.294418286
2022-04-28,88.960000000,22444148,345724316,0.064919207,0.374922225
2022-04-29,85.120000000,21635950,345639738,0.062596823,0.333530996
2022-04-30,78.340000000,21855008,345360038,0.063281809,0.313719377
2022-05-01,82.240000000,21745117,344867472,0.063053546,0.326965648
2022-05-02,84.310000000,23197946,344002653,0.067435369,0.383402164
2022-05-03,82.590000000,15770640,343589884,0.045899606,0.173998449
2022-05-04,86.170000000,22536555,343300794,0.065646674,0.371348388
2022-05-05,82.580000000,27566338,343306661,0.080296542,0.532437412
2022-05-06,77.460000000,28125148,342636247,0.082084568,0.521915894
2022-05-07,68.250000000,44751644,342163061,0.130790400,1.167493281
2022-05-08,64.080000000,79714500,343098444,0.232337106,3.459072427
2022-05-09,32.000000000,197093004,345092460,0.571131007,10.438100069
2022-05-10,17.520000000,596614120,377587975,1.580066527,43.740611252
2022-05-11,1.070000000,10808007391,1468747556,7.358655574,57.940298690
2022-05-12,0.004173000,3816053653487,129837063743,29.391096375,3.604789907
2022-05-13,0.000102000,18635538460784,6530992754902,2.853400572,0.000830473
2022-05-14,0.000458800,17901139629468,6530809006103,2.741029421,0.003447076
2022-05-15,0.000215100,18642414323570,6532381576011,2.853846504,0.001751869
2022-05-16,0.000195600,16972488052147,6533095797546,2.597924258,0.001320146
2022-05-17,0.000186700,8196487032673,6531534392073,1.254909879,0.000294015
2022-05-18,0.000147200,5930236895380,6532634361413,0.907786441,0.000121304
2022-05-19,0.000134900,4787518487769,6532285404003,0.732900997,0.000072461
2022-05-20,0.000122200,3039890891980,6535159713584,0.465159388,0.000026441
2022-05-21,0.000121800,4444151321839,6534362775041,0.680120078,0.000056340
2022-05-22,0.000190600,10862411657922,6536906311647,1.661705269,0.000526297
2022-05-23,0.000160000,7176693625000,6536259425000,1.097981760,0.000192890
2022-05-24,0.000176800,3114352053167,6535514643665,0.476527439,0.000040147
2022-05-25,0.000181700,4979181414419,6536073357182,0.761800112,0.000105448
2022-05-26,0.000139400,2005660186514,6537225365854,0.306806034,0.000013122
2022-05-27,0.000118700,762037607414,6535814608256,0.116594128,0.000001614
2022-05-28,0.000095660,1262883587706,6536719590215,0.193198373,0.000003571
2022-05-29,0.000102400,775810322266,6539415937500,0.118636026,0.000001441
2022-05-30,0.000127100,2781976309992,6537713705744,0.425527399,0.000023014
2022-05-31,0.000114700,1639242467306,6537695483871,0.250737048,0.000007211
2022-06-01,0.000099880,3308685612735,6540538636364,0.505873567,0.000025560
2022-06-02,0.000100700,1975953644489,6537962949355,0.302227721,0.000009198
2022-06-03,0.000095920,1418919391159,6541336103003,0.216915836,0.000004513
2022-06-04,0.000092370,1076790646314,6541518079463,0.164608678,0.000002503
2022-06-05,0.000079450,2166361548143,6542691831340,0.331111659,0.000008710
2022-06-06,0.000080640,1531959647817,6543133258929,0.234132424,0.000004421
2022-06-07,0.000064510,2441771709812,6543341264920,0.373168938,0.000008983
2022-06-08,0.000048120,3760903034081,6544572589360,0.574659840,0.000015891
2022-06-09,0.000075620,7995451150489,6544179092833,1.221765333,0.000112879
2022-06-10,0.000070590,3417753690324,6544601898286,0.522224842,0.000019251
2022-06-11,0.000069330,2327618029713,6545467734026,0.355607594,0.000008767
2022-06-12,0.000069720,2478168545611,6545753069421,0.378591817,0.000009993
2022-06-13,0.000060180,2896937022267,6546124908608,0.442542277,0.000011786
2022-06-14,0.000060190,2100539757435,6547348346901,0.320822972,0.000006195
2022-06-15,0.000061770,1991041363121,6547359915817,0.304098352,0.000005712
2022-06-16,0.000057880,1498222667588,6547804111956,0.228812995,0.000003030
2022-06-17,0.000058720,1044057373978,6548935115804,0.159423991,0.000001492
2022-06-18,0.000055350,1678628473351,6548933929539,0.256320875,0.000003637
2022-06-19,0.000060890,1641297963541,6549477746756,0.250599823,0.000003824
2022-06-20,0.000058000,1511337672414,6550047344828,0.230736908,0.000003088
2022-06-21,0.000058030,1679644080648,6550459314148,0.256416230,0.000003815
2022-06-22,0.000056550,996829902741,6551606401415,0.152150456,0.000001309
2022-06-23,0.000057650,899178889853,6552194206418,0.137233248,0.000001086
2022-06-24,0.000059090,1102666373329,6552425909629,0.168283684,0.000001673
2022-06-25,0.000058680,912370841854,6552829294479,0.139233116,0.000001138
2022-06-26,0.000065870,2110951434644,6553974662213,0.322087213,0.000006833
2022-06-27,0.000088930,6015112436748,6554196356685,0.917749806,0.000074903
2022-06-28,0.000107900,4507613021316,6552779101019,0.687893328,0.000051058
2022-06-29,0.000162300,7657855779421,6553519081947,1.168510488,0.000221607
2022-06-30,0.000112500,6070243653333,6556207280000,0.925877324,0.000096440
2022-07-01,0.000132200,3726720363086,6557836580938,0.568285031,0.000042694
2022-07-02,0.000123600,2583929571197,6558285477346,0.393994677,0.000019187
2022-07-03,0.000130300,1461595917114,6557422624712,0.222891828,0.000006473
2022-07-04,0.000128300,1268832003118,6555983522993,0.193538010,0.000004806
2022-07-05,0.000116900,2108496475620,6560361514115,0.321399434,0.000012075
2022-07-06,0.000112300,1422825601069,6561570026714,0.216842249,0.000005280
2022-07-07,0.000112200,1543351497326,6559401720143,0.235288455,0.000006211
2022-07-08,0.000110300,1189944460562,6558968540345,0.181422499,0.000003630
2022-07-09,0.000110700,950239042457,6560484769648,0.144842809,0.000002322
2022-07-10,0.000111000,1344417531532,6560656522523,0.204921188,0.000004661
2022-07-11,0.000105100,938019752617,6558881598478,0.143015198,0.000002150
2022-07-12,0.000092170,1761350895085,6562021330151,0.268415905,0.000006641
2022-07-13,0.000094900,1691849546891,6562297976818,0.257813582,0.000006308
2022-07-14,0.000092280,1290495015171,6563286833550,0.196623285,0.000003568
2022-07-15,0.000107600,2329356635688,6560974340149,0.355032121,0.000013563
2022-07-16,0.000105200,1188252452471,6563306083650,0.181044802,0.000003448
2022-07-17,0.000101700,1105822763029,6566539980334,0.168402654,0.000002884
2022-07-18,0.000106600,1559394183865,6563306876173,0.237592758,0.000006018
2022-07-19,0.000106200,1175816252354,6567564425612,0.179033836,0.000003404
2022-07-20,0.000101100,1494608733927,6567863907023,0.227563901,0.000005235
2022-07-21,0.000102600,865188635478,6563675467836,0.131814658,0.000001783
2022-07-22,0.000100400,720529591633,6567606553785,0.109709616,0.000001208
2022-07-23,0.000099850,774875332999,6567915993991,0.117978874,0.000001390
2022-07-24,0.000099790,488105200922,6568272772823,0.074312566,0.000000551
2022-07-25,0.000091870,708523772722,6568292739741,0.107870310,0.000001069
2022-07-26,0.000092050,751350135796,6569287083107,0.114373162,0.000001204
2022-07-27,0.000098740,1047134069273,6569441847276,0.159394678,0.000002509
2022-07-28,0.000100200,994779351297,6570044061876,0.151411367,0.000002297
2022-07-29,0.000098950,803134663972,6570309358262,0.122236963,0.000001478
2022-07-30,0.000098050,709432473228,6570587689954,0.107970931,0.000001143
2022-07-31,0.000097910,793350321724,6571347472168,0.120728713,0.000001427
2022-08-01,0.000104900,2238411601525,6574403469971,0.340473719,0.000012160
2022-08-02,0.000099960,898740476190,6571963335334,0.136753726,0.000001869
2022-08-03,0.000100000,593034500000,6573336630000,0.090218185,0.000000814
2022-08-04,0.000099180,426777354305,6573179965719,0.064927076,0.000000418
2022-08-05,0.000100800,366421468254,6576485912698,0.055716909,0.000000313
2022-08-06,0.000100000,369970790000,6577070280000,0.056251610,0.000000316
2022-08-07,0.000099430,378604686714,6574404777230,0.057587675,0.000000330
2022-08-08,0.000099140,400735828122,6575229745814,0.060946285,0.000000368
2022-08-09,0.000096740,899451684929,6575329935911,0.136791871,0.000001810
2022-08-10,0.000098450,652447892331,6576126754698,0.099214616,0.000000969
2022-08-11,0.000096890,424910754464,6576165465992,0.064613757,0.000000405
2022-08-12,0.000097910,420786385456,6576906373200,0.063979379,0.000000401
2022-08-13,0.000096960,346418389026,6576709447195,0.052673513,0.000000269
2022-08-14,0.000100400,1155128595618,6575311792829,0.175676627,0.000003099
2022-08-15,0.000096650,896398727367,6577897113295,0.136274361,0.000001795
2022-08-16,0.000097130,382222351488,6578723689900,0.058099773,0.000000328
2022-08-17,0.000095150,474447787704,6579097372570,0.072114419,0.000000495
2022-08-18,0.000093230,588070374343,6579309535557,0.089381776,0.000000745
2022-08-19,0.000086660,756827025156,6579764804985,0.115023416,0.000001147